class	name	identity	bytes	status
repository	baseline	69181458cf38cb7455f2ad73d7139fd57e3aa25b	0	accepted
source	DeepSeek-V4-Flash-DSpark	35e04611d8fd85a55aa394864a8a2adb5e0e3336fb40d871566be4f30d105903	166898666055	accepted
artifact	deepseek-v4-flash-dspark-bootstrap-q2-v1.gguf	bf80bd7372e9ff754cd61d8f6e849ca8eff2177fad40840a2dad8e840b35690a	108285860832	retained-reference
runtime-binding	01f447828a734b7d664c4289e9080f08e3928b634825d713e8027c7255c1e489.yvex-runtime-binding	c369000518af972f0524312c8f3dd6c33b090d072c5e941bed51d5065a877a88	504617	retained-v7
physical-variant	bootstrap-q2-v1	a48d43c8594999a1af3a5b1f572b34a5823042cb767832d558642bb804b036c5	0	retained-reference
runtime-model	accepted-deployment	8cfa95d49250bff0bb12623ed1ad103623579830eb4157f0a86ccb73d402883c	0	retained-reference
source-membership	config/source_owners.tsv	e5d097a953e9287a2c469a653f2501025c8117521df1a47121dfe8861c70fbf3	0	canonical
source-generator	tools/generate_source_manifest.py	c31dd937012436d12c023360763ff1df1afe5bb684c8fa8d66104fd34b629e65	0	canonical
runtime-trace	post-compression-causal-reference	7e2637f90ac8c24951b756355ece4b8e9bc6d34fd98ce068106cac521fbaa340	143101	external
